{
  "0.5": {
    "0.5": {
      "fscore": 0.8945578231292517,
      "precision": 0.875,
      "recall": 0.9285714285714286
    },
    "0.55": {
      "fscore": 0.8945578231292517,
      "precision": 0.875,
      "recall": 0.9285714285714286
    },
    "0.6000000000000001": {
      "fscore": 0.8945578231292517,
      "precision": 0.875,
      "recall": 0.9285714285714286
    },
    "0.6500000000000001": {
      "fscore": 0.8945578231292517,
      "precision": 0.875,
      "recall": 0.9285714285714286
    },
    "0.7000000000000002": {
      "fscore": 0.8945578231292517,
      "precision": 0.875,
      "recall": 0.9285714285714286
    },
    "0.7500000000000002": {
      "fscore": 0.8945578231292517,
      "precision": 0.875,
      "recall": 0.9285714285714286
    },
    "0.8000000000000003": {
      "fscore": 0.8945578231292517,
      "precision": 0.875,
      "recall": 0.9285714285714286
    },
    "0.8500000000000003": {
      "fscore": 0.8945578231292517,
      "precision": 0.875,
      "recall": 0.9285714285714286
    },
    "0.9000000000000004": {
      "fscore": 0.8945578231292517,
      "precision": 0.875,
      "recall": 0.9285714285714286
    },
    "0.9500000000000004": {
      "fscore": 0.8945578231292517,
      "precision": 0.875,
      "recall": 0.9285714285714286
    }
  },
  "0.55": {
    "0.5": {
      "fscore": 0.8945578231292517,
      "precision": 0.875,
      "recall": 0.9285714285714286
    },
    "0.55": {
      "fscore": 0.8945578231292517,
      "precision": 0.875,
      "recall": 0.9285714285714286
    },
    "0.6000000000000001": {
      "fscore": 0.8945578231292517,
      "precision": 0.875,
      "recall": 0.9285714285714286
    },
    "0.6500000000000001": {
      "fscore": 0.8945578231292517,
      "precision": 0.875,
      "recall": 0.9285714285714286
    },
    "0.7000000000000002": {
      "fscore": 0.8945578231292517,
      "precision": 0.875,
      "recall": 0.9285714285714286
    },
    "0.7500000000000002": {
      "fscore": 0.8945578231292517,
      "precision": 0.875,
      "recall": 0.9285714285714286
    },
    "0.8000000000000003": {
      "fscore": 0.8945578231292517,
      "precision": 0.875,
      "recall": 0.9285714285714286
    },
    "0.8500000000000003": {
      "fscore": 0.8945578231292517,
      "precision": 0.875,
      "recall": 0.9285714285714286
    },
    "0.9000000000000004": {
      "fscore": 0.8945578231292517,
      "precision": 0.875,
      "recall": 0.9285714285714286
    },
    "0.9500000000000004": {
      "fscore": 0.8945578231292517,
      "precision": 0.875,
      "recall": 0.9285714285714286
    }
  },
  "0.6000000000000001": {
    "0.5": {
      "fscore": 0.8945578231292517,
      "precision": 0.875,
      "recall": 0.9285714285714286
    },
    "0.55": {
      "fscore": 0.8945578231292517,
      "precision": 0.875,
      "recall": 0.9285714285714286
    },
    "0.6000000000000001": {
      "fscore": 0.8945578231292517,
      "precision": 0.875,
      "recall": 0.9285714285714286
    },
    "0.6500000000000001": {
      "fscore": 0.8945578231292517,
      "precision": 0.875,
      "recall": 0.9285714285714286
    },
    "0.7000000000000002": {
      "fscore": 0.8945578231292517,
      "precision": 0.875,
      "recall": 0.9285714285714286
    },
    "0.7500000000000002": {
      "fscore": 0.8945578231292517,
      "precision": 0.875,
      "recall": 0.9285714285714286
    },
    "0.8000000000000003": {
      "fscore": 0.8945578231292517,
      "precision": 0.875,
      "recall": 0.9285714285714286
    },
    "0.8500000000000003": {
      "fscore": 0.8945578231292517,
      "precision": 0.875,
      "recall": 0.9285714285714286
    },
    "0.9000000000000004": {
      "fscore": 0.8945578231292517,
      "precision": 0.875,
      "recall": 0.9285714285714286
    },
    "0.9500000000000004": {
      "fscore": 0.8945578231292517,
      "precision": 0.875,
      "recall": 0.9285714285714286
    }
  },
  "0.6500000000000001": {
    "0.5": {
      "fscore": 0.8945578231292517,
      "precision": 0.875,
      "recall": 0.9285714285714286
    },
    "0.55": {
      "fscore": 0.8945578231292517,
      "precision": 0.875,
      "recall": 0.9285714285714286
    },
    "0.6000000000000001": {
      "fscore": 0.8945578231292517,
      "precision": 0.875,
      "recall": 0.9285714285714286
    },
    "0.6500000000000001": {
      "fscore": 0.8945578231292517,
      "precision": 0.875,
      "recall": 0.9285714285714286
    },
    "0.7000000000000002": {
      "fscore": 0.8945578231292517,
      "precision": 0.875,
      "recall": 0.9285714285714286
    },
    "0.7500000000000002": {
      "fscore": 0.8945578231292517,
      "precision": 0.875,
      "recall": 0.9285714285714286
    },
    "0.8000000000000003": {
      "fscore": 0.8945578231292517,
      "precision": 0.875,
      "recall": 0.9285714285714286
    },
    "0.8500000000000003": {
      "fscore": 0.8945578231292517,
      "precision": 0.875,
      "recall": 0.9285714285714286
    },
    "0.9000000000000004": {
      "fscore": 0.8945578231292517,
      "precision": 0.875,
      "recall": 0.9285714285714286
    },
    "0.9500000000000004": {
      "fscore": 0.8945578231292517,
      "precision": 0.875,
      "recall": 0.9285714285714286
    }
  },
  "0.7000000000000002": {
    "0.5": {
      "fscore": 0.8945578231292517,
      "precision": 0.875,
      "recall": 0.9285714285714286
    },
    "0.55": {
      "fscore": 0.8945578231292517,
      "precision": 0.875,
      "recall": 0.9285714285714286
    },
    "0.6000000000000001": {
      "fscore": 0.8945578231292517,
      "precision": 0.875,
      "recall": 0.9285714285714286
    },
    "0.6500000000000001": {
      "fscore": 0.8945578231292517,
      "precision": 0.875,
      "recall": 0.9285714285714286
    },
    "0.7000000000000002": {
      "fscore": 0.8945578231292517,
      "precision": 0.875,
      "recall": 0.9285714285714286
    },
    "0.7500000000000002": {
      "fscore": 0.8945578231292517,
      "precision": 0.875,
      "recall": 0.9285714285714286
    },
    "0.8000000000000003": {
      "fscore": 0.8945578231292517,
      "precision": 0.875,
      "recall": 0.9285714285714286
    },
    "0.8500000000000003": {
      "fscore": 0.8945578231292517,
      "precision": 0.875,
      "recall": 0.9285714285714286
    },
    "0.9000000000000004": {
      "fscore": 0.8945578231292517,
      "precision": 0.875,
      "recall": 0.9285714285714286
    },
    "0.9500000000000004": {
      "fscore": 0.8945578231292517,
      "precision": 0.875,
      "recall": 0.9285714285714286
    }
  },
  "0.7500000000000002": {
    "0.5": {
      "fscore": 0.8945578231292517,
      "precision": 0.875,
      "recall": 0.9285714285714286
    },
    "0.55": {
      "fscore": 0.8945578231292517,
      "precision": 0.875,
      "recall": 0.9285714285714286
    },
    "0.6000000000000001": {
      "fscore": 0.8945578231292517,
      "precision": 0.875,
      "recall": 0.9285714285714286
    },
    "0.6500000000000001": {
      "fscore": 0.8945578231292517,
      "precision": 0.875,
      "recall": 0.9285714285714286
    },
    "0.7000000000000002": {
      "fscore": 0.8945578231292517,
      "precision": 0.875,
      "recall": 0.9285714285714286
    },
    "0.7500000000000002": {
      "fscore": 0.8945578231292517,
      "precision": 0.875,
      "recall": 0.9285714285714286
    },
    "0.8000000000000003": {
      "fscore": 0.8945578231292517,
      "precision": 0.875,
      "recall": 0.9285714285714286
    },
    "0.8500000000000003": {
      "fscore": 0.8945578231292517,
      "precision": 0.875,
      "recall": 0.9285714285714286
    },
    "0.9000000000000004": {
      "fscore": 0.8945578231292517,
      "precision": 0.875,
      "recall": 0.9285714285714286
    },
    "0.9500000000000004": {
      "fscore": 0.8945578231292517,
      "precision": 0.875,
      "recall": 0.9285714285714286
    }
  },
  "0.8000000000000003": {
    "0.5": {
      "fscore": 0.8945578231292517,
      "precision": 0.875,