{
  "0.5": {
    "0.5": {
      "fscore": 0.7465769785769784,
      "precision": 0.6494523809523811,
      "recall": 0.98
    },
    "0.55": {
      "fscore": 0.7465769785769784,
      "precision": 0.6494523809523811,
      "recall": 0.98
    },
    "0.6000000000000001": {
      "fscore": 0.7444499944499943,
      "precision": 0.6494523809523811,
      "recall": 0.972
    },
    "0.6500000000000001": {
      "fscore": 0.7216332556332553,
      "precision": 0.6347857142857144,
      "recall": 0.9303333333333333
    },
    "0.7000000000000002": {
      "fscore": 0.6925019425019423,
      "precision": 0.647404761904762,
      "recall": 0.8625238095238095
    },
    "0.7500000000000002": {
      "fscore": 0.6816765456765456,
      "precision": 0.6556190476190477,
      "recall": 0.8325238095238094
    },
    "0.8000000000000003": {
      "fscore": 0.6084270174270175,
      "precision": 0.6363809523809525,
      "recall": 0.6908333333333333
    },
    "0.8500000000000003": {
      "fscore": 0.6352185592185593,
      "precision": 0.734047619047619,
      "recall": 0.6331666666666667
    },
    "0.9000000000000004": {
      "fscore": 0.6166910866910869,
      "precision": 0.7114285714285713,
      "recall": 0.6068333333333333
    },
    "0.9500000000000004": {
      "fscore": 0.6176434676434678,
      "precision": 0.7214285714285712,
      "recall": 0.6068333333333333
    }
  },
  "0.55": {
    "0.5": {
      "fscore": 0.7496946386946385,
      "precision": 0.6579047619047621,
      "recall": 0.9716666666666667
    },
    "0.55": {
      "fscore": 0.75120979020979,
      "precision": 0.6602857142857144,
      "recall": 0.9716666666666667
    },
    "0.6000000000000001": {
      "fscore": 0.7460525030525028,
      "precision": 0.6555238095238097,
      "recall": 0.9636666666666668
    },
    "0.6500000000000001": {
      "fscore": 0.7247509157509155,
      "precision": 0.6432380952380954,
      "recall": 0.922
    },
    "0.7000000000000002": {
      "fscore": 0.6971347541347538,
      "precision": 0.6582380952380953,
      "recall": 0.8541904761904762
    },
    "0.7500000000000002": {
      "fscore": 0.6968172938172935,
      "precision": 0.6799047619047619,
      "recall": 0.8241904761904761
    },
    "0.8000000000000003": {
      "fscore": 0.6221449661449662,
      "precision": 0.6733333333333333,
      "recall": 0.6825
    },
    "0.8500000000000003": {
      "fscore": 0.6505006105006106,
      "precision": 0.7824285714285714,
      "recall": 0.6248333333333334
    },
    "0.9000000000000004": {
      "fscore": 0.6299609279609281,
      "precision": 0.7557619047619047,
      "recall": 0.5985
    },
    "0.9500000000000004": {
      "fscore": 0.6299609279609281,
      "precision": 0.7557619047619047,
      "recall": 0.5985
    }
  },
  "0.6000000000000001": {
    "0.5": {
      "fscore": 0.7440009990009987,
      "precision": 0.6613333333333334,
      "recall": 0.9488095238095237
    },
    "0.55": {
      "fscore": 0.7440009990009987,
      "precision": 0.6613333333333334,
      "recall": 0.9488095238095237
    },
    "0.6000000000000001": {
      "fscore": 0.7416921966921964,
      "precision": 0.6619523809523811,
      "recall": 0.9408095238095237
    },
    "0.6500000000000001": {
      "fscore": 0.7186763236763234,
      "precision": 0.6563333333333334,
      "recall": 0.8991428571428571
    },
    "0.7000000000000002": {
      "fscore": 0.6880298590298588,
      "precision": 0.6665714285714287,
      "recall": 0.8313333333333331
    },
    "0.7500000000000002": {
      "fscore": 0.6869418359418357,
      "precision": 0.6772857142857143,
      "recall": 0.8013333333333331
    },
    "0.8000000000000003": {
      "fscore": 0.6087976467976468,
      "precision": 0.6750476190476191,
      "recall": 0.6596428571428572
    },
    "0.8500000000000003": {
      "fscore": 0.6346850926850928,
      "precision": 0.7804285714285712,
      "recall": 0.6019761904761904
    },
    "0.9000000000000004": {
      "fscore": 0.6141093351093352,
      "precision": 0.7584285714285715,
      "recall": 0.5756428571428571
    },
    "0.9500000000000004": {
      "fscore": 0.6131569541569543,
      "precision": 0.7484285714285714,
      "recall": 0.5756428571428571
    }
  },
  "0.6500000000000001": {
    "0.5": {
      "fscore": 0.7430003330003327,
      "precision": 0.6692857142857143,
      "recall": 0.929642857142857
    },
    "0.55": {
      "fscore": 0.7445154845154843,
      "precision": 0.6716666666666667,
      "recall": 0.929642857142857
    },
    "0.6000000000000001": {
      "fscore": 0.7440869130869129,
      "precision": 0.677,
      "recall": 0.9216428571428571
    },
    "0.6500000000000001": {
      "fscore": 0.720182151182151,
      "precision": 0.6706666666666667,
      "recall": 0.8799761904761904
    },
    "0.7000000000000002": {
      "fscore": 0.6839397269397268,
      "precision": 0.6756666666666667,
      "recall": 0.8121666666666664
    },
    "0.7500000000000002": {
      "fscore": 0.6777651237651235,
      "precision": 0.6839999999999999,
      "recall": 0.7781666666666665
    },
    "0.8000000000000003": {
      "fscore": 0.5954283494283495,
      "precision": 0.6727619047619048,
      "recall": 0.6364761904761904
    },
    "0.8500000000000003": {
      "fscore": 0.6101469641469643,
      "precision": 0.7657619047619048,
      "recall": 0.5721428571428571
    },
    "0.9000000000000004": {
      "fscore": 0.5881426351426353,
      "precision": 0.7370952380952381,
      "recall": 0.5458095238095239
    },
    "0.9500000000000004": {
      "fscore": 0.5881426351426353,
      "precision": 0.7370952380952381,
      "recall": 0.5458095238095239
    }
  },
  "0.7000000000000002": {
    "0.5": {
      "fscore": 0.7413812853812851,
      "precision": 0.6702380952380952,
      "recall": 0.919642857142857
    },
    "0.55": {
      "fscore": 0.7399527139527138,
      "precision": 0.6689047619047619,
      "recall": 0.919642857142857
    },
    "0.6000000000000001": {
      "fscore": 0.7424678654678653,
      "precision": 0.6779523809523809,
      "recall": 0.9116428571428571
    },
    "0.6500000000000001": {
      "fscore": 0.7212297702297701,
      "precision": 0.674952380952381,
      "recall": 0.8699761904761903
    },
    "0.7000000000000002": {
      "fscore": 0.6837579087579087,
      "precision": 0.6802380952380953,
      "recall": 0.8021666666666664
    },
    "0.7500000000000002": {
      "fscore": 0.6777651237651235,
      "precision": 0.6942857142857142,
      "recall": 0.7681666666666664
    },
    "0.8000000000000003": {
      "fscore": 0.5949839049839052,
      "precision": 0.6903809523809524,
      "recall": 0.6264761904761904
    },
    "0.8500000000000003": {
      "fscore": 0.6108136308136309,
      "precision": 0.7924285714285715,
      "recall": 0.562142857142857
    },
    "0.9000000000000004": {
      "fscore": 0.5865235875235876,
      "precision": 0.7437619047619048,
      "recall": 0.5358095238095238
    },
    "0.9500000000000004": {
      "fscore": 0.5874759684759686,
      "precision": 0.7537619047619049,
      "recall": 0.5358095238095238
    }
  },
  "0.7500000000000002": {
    "0.5": {
      "fscore": 0.727115773115773,
      "precision": 0.6650952380952382,
      "recall": 0.8849761904761904
    },
    "0.55": {
      "fscore": 0.7286309246309246,
      "precision": 0.6674761904761906,
      "recall": 0.8849761904761904
    },
    "0.6000000000000001": {
      "fscore": 0.7266872016872016,
      "precision": 0.6704285714285715,
      "recall": 0.8769761904761905
    },
    "0.6500000000000001": {
      "fscore": 0.7052499722499722,
      "precision": 0.6691428571428572,
      "recall": 0.8353095238095238
    },
    "0.7000000000000002": {
      "fscore": 0.6686265956265958,
      "precision": 0.6801428571428572,
      "recall": 0.7674999999999998
    },
    "0.7500000000000002": {
      "fscore": 0.6611186591186592,
      "precision": 0.6918095238095238,
      "recall": 0.7334999999999999
    },